Workbook
Name _HMM１: #REF!
Name _HMM２: #REF!
Name _JMM１: #REF!
Name _JMM２: #REF!
Name _VER1: #REF!
Name aa: aa
Name AAA: AAA
Name ACCESS仕切: #REF!
Name ActEffort: #REF!
Name Air: #REF!
Name Air_YEN: #REF!
Name AirTicket: #REF!
Name APP_合計: #REF!
Name APP_大分類: #REF!
Name APP_大分類合計: #REF!
Name APP_小分類: #REF!
Name APP_小分類合計: #REF!
Name APP_項目: #REF!
Name APP_項目合計: #REF!
Name APP_項目最終行: #REF!
Name APP合計額: #REF!
Name ｂｂ: ｂｂ
Name BBB: BBB
Name BCR値段: #REF!
Name bias: #REF!
Name BugTBLU0_LMS11_List: #REF!
Name Car: #REF!
Name CBU_EAI: '[1]Server Configuration'!$B$16
Name cc: cc
Name copy: _xleta.copy
Name copy: _xleta.copy
Name DB設計_MM: #REF!
Name dd: dd
Name DDDT: DDDT
Name DDDT1: DDDT1
Name Desktop値段: #REF!
Name DocMM: [2]機能積上げ!$O$46
Name DollRate: #REF!
Name DotMatrix値段: #REF!
Name DQB: #REF!
Name DSB: #REF!
Name ee: ee
Name haha: #REF!
Name HardCost: '[2]Hardware Detail'!$F$28
Name HardExpenseTTL: #REF!
Name HardNetTTL: #REF!
Name hh: #REF!
Name HOLIDAYS: '[3]Sche Estimation'!$AA$12:$AA$50
Name Hotel: #REF!
Name IF設計_MM: #REF!
Name IO: #REF!
Name IPC値段: #REF!
Name IP割: #REF!
Name KQB: #REF!
Name KS: #REF!
Name KSB: #REF!
Name li: #REF!
Name LinePrinter値段: #REF!
Name lll: #REF!
Name LQB: #REF!

Sheet IT
A1: 序号 | B1: 分类 | C1: 应用分类 | D1: 涉及外部客户 | E1: 影响度 | F1: 紧急性 | G1: 优先级 | H1: 问题/需求描述 | I1: 根本原因分析/需求分析 | J1: 提出公司/职能中心 | K1: 提出部门 | L1: 提出人 | M1: 提出时间 (YYYY/MM/DD) | N1: 处理人 | O1: 处理状态 (未解决/已解决) | P1: 响应时间 (YYYY/MM/DD) | Q1: 计划完成时间 (YYYY/MM/DD) | R1: 实际完成时间 (YYYY/MM/DD) | S1: 处理方式/最终结果 | T1: 备注 | U1: 响应持续时间 (Days) | V1: 计划完成-实际完成 (Days) | W1: 实际完成持续时间 (Days)
A2: =ROW()-1 -> 1 | B2: 01-Task | C2: 09-Network | D2: A01-All | E2: 30-低 | F2: 30-低 | G2: {=IF(OR(E2="",F2=""),"",_xlfn.LET(_xlpm.impact,_xlfn.TEXTAFTER(E2,"-"),_xlpm.urgency,_xlfn.TEXTAFTER(F2,"-"),_xlpm.p,INDEX(优先级矩阵!$B$4:$D$6,MATCH(_xlpm.impact,{"高","中","低"},0),MATCH(_xlpm.urgency,{"高","中","低"},0)),LEFT(E2,FIND("-",E2)-1)&"-"&_xlpm.p&"-"&_xlfn.XLOOKUP(_xlpm.p,优先级定义与SLA!$A$4:$A$7,_xlfn.TEXTBEFORE(优先级定义与SLA!$B$4:$B$7," "))))} -> #NAME? | H2: 三厂小簧车间增加无线AP | I2: MES工控机需要联网 | J2: 04-诸暨3厂 | K2: IT管理部 | L2: 陈宇 | M2: 46258 | N2: 周航帅 | O2: 61-关闭 | P2: 46259 | Q2: 46272 | R2: 46272 | S2: 目前使用正常 | U2: =P2-M2 -> 1 | V2: =Q2-R2 -> 0 | W2: =R2-M2 -> 14
A3: =ROW()-1 -> 2 | B3: 04-Request | C3: 01-MES | D3: D01-Lixiang | E3: 10-高 | F3: 20-中 | G3: {=IF(OR(E3="",F3=""),"",_xlfn.LET(_xlpm.impact,_xlfn.TEXTAFTER(E3,"-"),_xlpm.urgency,_xlfn.TEXTAFTER(F3,"-"),_xlpm.p,INDEX(优先级矩阵!$B$4:$D$6,MATCH(_xlpm.impact,{"高","中","低"},0),MATCH(_xlpm.urgency,{"高","中","低"},0)),LEFT(E3,FIND("-",E3)-1)&"-"&_xlpm.p&"-"&_xlfn.XLOOKUP(_xlpm.p,优先级定义与SLA!$A$4:$A$7,_xlfn.TEXTBEFORE(优先级定义与SLA!$B$4:$B$7," "))))} -> #NAME? | H3: 理想质量追溯方案小结讨论-设计内部长期规划追溯方案：包含质量、返工等异常流程 | I3: 目前华纬的质检+原料+生产全生命周期追溯存在断点，未来无法满足越来越高的客户追溯需求/质量体系对于汽配行业的质量追溯需求 | J3: 03-诸暨2厂 | K3: 运营中心-稳定杆华纬工厂 | L3: 杨恒 | M3: 46267 | N3: 陈维炜 | O3: 61-关闭 | P3: 46261 | Q3: 46267 | R3: 46267 | S3: 和杨总拉会，对于长期方案认可，当下先满足对外-理想客户的最小方案包，约下一次最小方案包会议 | U3: 3 | V3: 7 | W3: 7
A4: =ROW()-1 -> 3 | B4: 04-Request | C4: 01-MES | D4: D01-Lixiang | E4: 10-高 | F4: 10-高 | G4: {=IF(OR(E4="",F4=""),"",_xlfn.LET(_xlpm.impact,_xlfn.TEXTAFTER(E4,"-"),_xlpm.urgency,_xlfn.TEXTAFTER(F4,"-"),_xlpm.p,INDEX(优先级矩阵!$B$4:$D$6,MATCH(_xlpm.impact,{"高","中","低"},0),MATCH(_xlpm.urgency,{"高","中","低"},0)),LEFT(E4,FIND("-",E4)-1)&"-"&_xlpm.p&"-"&_xlfn.XLOOKUP(_xlpm.p,优先级定义与SLA!$A$4:$A$7,_xlfn.TEXTBEFORE(优先级定义与SLA!$B$4:$B$7," "))))} -> #NAME? | H4: 理想质量追溯方案讨论-需要进一步确定最小方案包后续给到客户的推进计划 | I4: 理想客户有质量追溯需求 | J4: 03-诸暨2厂 | K4: 品控部 | L4: 张勇 | M4: 46267 | N4: 陈维炜 | O4: 61-关闭 | P4: 46267 | Q4: 46272 | R4: 46274 | S4: 硬件清单9.9确定，已补齐给到业务部门 | T4: 软件计划已列出，待生产部门补充硬件清单，再制定硬件计划 | U4: =P4-M4 -> 0 | V4: =Q4-R4 -> -2 | W4: =R4-M4 -> 7
A5: =ROW()-1 -> 4 | B5: 03-Problem | C5: 01-MES | D5: A01-All | E5: 30-低 | F5: 30-低 | G5: {=IF(OR(E5="",F5=""),"",_xlfn.LET(_xlpm.impact,_xlfn.TEXTAFTER(E5,"-"),_xlpm.urgency,_xlfn.TEXTAFTER(F5,"-"),_xlpm.p,INDEX(优先级矩阵!$B$4:$D$6,MATCH(_xlpm.impact,{"高","中","低"},0),MATCH(_xlpm.urgency,{"高","中","低"},0)),LEFT(E5,FIND("-",E5)-1)&"-"&_xlpm.p&"-"&_xlfn.XLOOKUP(_xlpm.p,优先级定义与SLA!$A$4:$A$7,_xlfn.TEXTBEFORE(优先级定义与SLA!$B$4:$B$7," "))))} -> #NAME? | H5: MES设备维保模块重新指派人员页面-搜索功能无效 | I5: 定制开发问题/bug | J5: 02-诸暨1厂 | K5: 华纬科技一厂-设备工艺部-设备维修科 | L5: 黎建伟 | M5: 46268 | N5: 陈维炜 | O5: 61-关闭 | P5: 46268 | Q5: 46275 | R5: 46273 | S5: 记录一厂MES问题管制表，发送鼎捷项目组，跟踪bug修复进度 | T5: 鼎捷将bug修复，属于二开功能bug。 | U5: =P5-M5 -> 0 | V5: =Q5-R5 -> 2 | W5: =R5-M5 -> 5
A6: =ROW()-1 -> 5 | B6: 04-Request | C6: 06-Workplace | D6: A01-All | E6: 30-低 | F6: 20-中 | G6: {=IF(OR(E6="",F6=""),"",_xlfn.LET(_xlpm.impact,_xlfn.TEXTAFTER(E6,"-"),_xlpm.urgency,_xlfn.TEXTAFTER(F6,"-"),_xlpm.p,INDEX(优先级矩阵!$B$4:$D$6,MATCH(_xlpm.impact,{"高","中","低"},0),MATCH(_xlpm.urgency,{"高","中","低"},0)),LEFT(E6,FIND("-",E6)-1)&"-"&_xlpm.p&"-"&_xlfn.XLOOKUP(_xlpm.p,优先级定义与SLA!$A$4:$A$7,_xlfn.TEXTBEFORE(优先级定义与SLA!$B$4:$B$7," "))))} -> #NAME? | H6: 公司营销部门计划引入CRM系统、目前还处于需求收集阶段。需要要营销部门的对接专员对接需求。-先设计一套标准CRM需求调研表单，给到专员可以快速按表收集背景、现状、问题、需求、改善方向 | I6: 公司规模日渐增长、销售部门的管理难度和复杂度也在增长，需要有更专业的系统支撑流程 | J6: 01-集团 | K6: 营销中心-销售部 | L6: 涂雯鑫 | M6: 46268 | N6: 陈维炜 | O6: 41-处理 | P6: 46268 | Q6: 46275 | U6: =P6-M6 -> 0 | V6: =Q6-R6 -> 46275 | W6: =R6-M6 -> -46268
A7: =ROW()-1 -> 6 | B7: 05-Project | C7: 06-Workplace | D7: A01-All | E7: 20-中 | F7: 30-低 | G7: {=IF(OR(E7="",F7=""),"",_xlfn.LET(_xlpm.impact,_xlfn.TEXTAFTER(E7,"-"),_xlpm.urgency,_xlfn.TEXTAFTER(F7,"-"),_xlpm.p,INDEX(优先级矩阵!$B$4:$D$6,MATCH(_xlpm.impact,{"高","中","低"},0),MATCH(_xlpm.urgency,{"高","中","低"},0)),LEFT(E7,FIND("-",E7)-1)&"-"&_xlpm.p&"-"&_xlfn.XLOOKUP(_xlpm.p,优先级定义与SLA!$A$4:$A$7,_xlfn.TEXTBEFORE(优先级定义与SLA!$B$4:$B$7," "))))} -> #NAME? | H7: 建设IT管理部内部日常管理工作台 | I7: 目前IT管理部项目并行推进、不同专员之间信息、表格、任务进度各不相同，缺乏统一管理和盘点入口，日常管理难度高、效率不高。 | J7: 01-集团 | K7: IT管理部 | L7: 曹云峰 | M7: 46260 | N7: 陈维炜 | O7: 41-处理 | P7: 46260 | Q7: 46291 | U7: =P7-M7 -> 0 | V7: =Q7-R7 -> 46291 | W7: =R7-M7 -> -46260
A8: =ROW()-1 -> 7 | B8: 04-Request | C8: 01-MES | D8: I03-BMW | E8: 20-中 | F8: 20-中 | G8: {=IF(OR(E8="",F8=""),"",_xlfn.LET(_xlpm.impact,_xlfn.TEXTAFTER(E8,"-"),_xlpm.urgency,_xlfn.TEXTAFTER(F8,"-"),_xlpm.p,INDEX(优先级矩阵!$B$4:$D$6,MATCH(_xlpm.impact,{"高","中","低"},0),MATCH(_xlpm.urgency,{"高","中","低"},0)),LEFT(E8,FIND("-",E8)-1)&"-"&_xlpm.p&"-"&_xlfn.XLOOKUP(_xlpm.p,优先级定义与SLA!$A$4:$A$7,_xlfn.TEXTBEFORE(优先级定义与SLA!$B$4:$B$7," "))))} -> #NAME? | H8: MES管理刀具和模具项目推进，先和子淮描绘一版目前的刀具/模具现状，基于管理目标先由IT内部设想来绘制一个完整的管理流程-用于会议讨论方向和困难点、可行性。 | I8: 客户对刀具模具提出要管理起来 | J8: 02-诸暨1厂 | K8: 运营中心-华纬科技一厂 | L8: 吴礼祥 | M8: 46274 | N8: 陈维炜 | O8: 41-处理 | P8: 46274 | Q8: 46275 | U8: =P8-M8 -> 0 | V8: =Q8-R8 -> 46275 | W8: =R8-M8 -> -46274
A9: =ROW()-1 -> 8 | B9: 01-Task | C9: 01-MES | D9: A01-All | E9: 30-低 | F9: 30-低 | G9: {=IF(OR(E9="",F9=""),"",_xlfn.LET(_xlpm.impact,_xlfn.TEXTAFTER(E9,"-"),_xlpm.urgency,_xlfn.TEXTAFTER(F9,"-"),_xlpm.p,INDEX(优先级矩阵!$B$4:$D$6,MATCH(_xlpm.impact,{"高","中","低"},0),MATCH(_xlpm.urgency,{"高","中","低"},0)),LEFT(E9,FIND("-",E9)-1)&"-"&_xlpm.p&"-"&_xlfn.XLOOKUP(_xlpm.p,优先级定义与SLA!$A$4:$A$7,_xlfn.TEXTBEFORE(优先级定义与SLA!$B$4:$B$7," "))))} -> #NAME? | H9: 金晟检验数据批量导入 | J9: 05-诸暨金晟 | K9: 金晟-工艺部 | L9: 阮琦婷 | M9: 46269 | N9: 翁子淮 | O9: 61-关闭 | P9: 46269 | Q9: 46272 | R9: 46273 | U9: =P9-M9 -> 0 | V9: =Q9-R9 -> -1 | W9: =R9-M9 -> 4
A10: =ROW()-1 -> 9 | B10: 01-Task | C10: 01-MES | D10: A01-All | E10: 20-中 | F10: 20-中 | G10: {=IF(OR(E10="",F10=""),"",_xlfn.LET(_xlpm.impact,_xlfn.TEXTAFTER(E10,"-"),_xlpm.urgency,_xlfn.TEXTAFTER(F10,"-"),_xlpm.p,INDEX(优先级矩阵!$B$4:$D$6,MATCH(_xlpm.impact,{"高","中","低"},0),MATCH(_xlpm.urgency,{"高","中","低"},0)),LEFT(E10,FIND("-",E10)-1)&"-"&_xlpm.p&"-"&_xlfn.XLOOKUP(_xlpm.p,优先级定义与SLA!$A$4:$A$7,_xlfn.TEXTBEFORE(优先级定义与SLA!$B$4:$B$7," "))))} -> #NAME? | H10: 金晟新打印机换纸调试 | J10: 05-诸暨金晟 | K10: 金晟生产部 | L10: 赵凌梓 | M10: 46270 | N10: 翁子淮 | O10: 61-关闭 | P10: 46272 | Q10: 46273 | R10: 46273 | U10: =P10-M10 -> 2 | V10: =Q10-R10 -> 0 | W10: =R10-M10 -> 3
A11: =ROW()-1 -> 10 | B11: 01-Task | C11: 01-MES | D11: A01-All | E11: 20-中 | F11: 20-中 | G11: {=IF(OR(E11="",F11=""),"",_xlfn.LET(_xlpm.impact,_xlfn.TEXTAFTER(E11,"-"),_xlpm.urgency,_xlfn.TEXTAFTER(F11,"-"),_xlpm.p,INDEX(优先级矩阵!$B$4:$D$6,MATCH(_xlpm.impact,{"高","中","低"},0),MATCH(_xlpm.urgency,{"高","中","低"},0)),LEFT(E11,FIND("-",E11)-1)&"-"&_xlpm.p&"-"&_xlfn.XLOOKUP(_xlpm.p,优先级定义与SLA!$A$4:$A$7,_xlfn.TEXTBEFORE(优先级定义与SLA!$B$4:$B$7," "))))} -> #NAME? | H11: 金晟老厂端头、直杆打磨、通孔补漆工序反馈员工手机扫码较为困难，需要采购PDA使用，并需要对员工进行培训 | J11: 05-诸暨金晟 | K11: 金晟生产车间 | L11: 宣葛葛 杨虎军 蒋高岗 | M11: 46245 | N11: 翁子淮 | O11: 61-关闭 | P11: 46245 | Q11: 46276 | R11: 46273 | S11: 已于周会结束后完成分发与培训 | U11: =P11-M11 -> 0 | V11: =Q11-R11 -> 3 | W11: =R11-M11 -> 28
A12: =ROW()-1 -> 11 | B12: 02-Incident | C12: 01-MES | D12: A01-All | E12: 10-高 | F12: 10-高 | G12: {=IF(OR(E12="",F12=""),"",_xlfn.LET(_xlpm.impact,_xlfn.TEXTAFTER(E12,"-"),_xlpm.urgency,_xlfn.TEXTAFTER(F12,"-"),_xlpm.p,INDEX(优先级矩阵!$B$4:$D$6,MATCH(_xlpm.impact,{"高","中","低"},0),MATCH(_xlpm.urgency,{"高","中","低"},0)),LEFT(E12,FIND("-",E12)-1)&"-"&_xlpm.p&"-"&_xlfn.XLOOKUP(_xlpm.p,优先级定义与SLA!$A$4:$A$7,_xlfn.TEXTBEFORE(优先级定义与SLA!$B$4:$B$7," "))))} -> #NAME? | H12: MES中机台状态会自动变为暂停状态，导致员工不能进行报工操作 | I12: 数采接入后，数采状态会影响设备状态，导致数采设备产生状态变化，从而影响报工 | J12: 03-诸暨2厂 | K12: 二厂大簧 生产部 | L12: 潘忠凡 | M12: 46271 | N12: 翁子淮 | O12: 61-关闭 | P12: 46271 | Q12: 46272 | R12: 46241 | S12: 将数采状态影响MES设备状态功能暂时关闭 | U12: =P12-M12 -> 0 | V12: =Q12-R12 -> 31 | W12: =R12-M12 -> -30
A13: =ROW()-1 -> 12 | B13: 04-Request | C13: 01-MES | D13: D04-Geely | E13: 20-中 | F13: 20-中 | G13: {=IF(OR(E13="",F13=""),"",_xlfn.LET(_xlpm.impact,_xlfn.TEXTAFTER(E13,"-"),_xlpm.urgency,_xlfn.TEXTAFTER(F13,"-"),_xlpm.p,INDEX(优先级矩阵!$B$4:$D$6,MATCH(_xlpm.impact,{"高","中","低"},0),MATCH(_xlpm.urgency,{"高","中","低"},0)),LEFT(E13,FIND("-",E13)-1)&"-"&_xlpm.p&"-"&_xlfn.XLOOKUP(_xlpm.p,优先级定义与SLA!$A$4:$A$7,_xlfn.TEXTBEFORE(优先级定义与SLA!$B$4:$B$7," "))))} -> #NAME? | H13: 无锡数据传输至吉利客户项目推进，整理数据内部评估表并给到无锡部分，解释计划对接流程，给出简易方案 | J13: 06-无锡弹簧 | K13: 无锡泽根 质量部 | L13: 刘艳梅 | M13: 46273 | N13: 翁子淮 | O13: 41-处理 | P13: 46273 | Q13: 46275 | U13: =P13-M13 -> 0 | V13: =Q13-R13 -> 46275 | W13: =R13-M13 -> -46273
A14: =ROW()-1 -> 13 | G14: {=IF(OR(E14="",F14=""),"",_xlfn.LET(_xlpm.impact,_xlfn.TEXTAFTER(E14,"-"),_xlpm.urgency,_xlfn.TEXTAFTER(F14,"-"),_xlpm.p,INDEX(优先级矩阵!$B$4:$D$6,MATCH(_xlpm.impact,{"高","中","低"},0),MATCH(_xlpm.urgency,{"高","中","低"},0)),LEFT(E14,FIND("-",E14)-1)&"-"&_xlpm.p&"-"&_xlfn.XLOOKUP(_xlpm.p,优先级定义与SLA!$A$4:$A$7,_xlfn.TEXTBEFORE(优先级定义与SLA!$B$4:$B$7," "))))} | U14: =P14-M14 -> 0 | V14: =Q14-R14 -> 0 | W14: =R14-M14 -> 0
A15: =ROW()-1 -> 14 | B15: 02-Incident | C15: 02-U9C | D15: A01-All | E15: 20-中 | F15: 20-中 | G15: {=IF(OR(E15="",F15=""),"",_xlfn.LET(_xlpm.impact,_xlfn.TEXTAFTER(E15,"-"),_xlpm.urgency,_xlfn.TEXTAFTER(F15,"-"),_xlpm.p,INDEX(优先级矩阵!$B$4:$D$6,MATCH(_xlpm.impact,{"高","中","低"},0),MATCH(_xlpm.urgency,{"高","中","低"},0)),LEFT(E15,FIND("-",E15)-1)&"-"&_xlpm.p&"-"&_xlfn.XLOOKUP(_xlpm.p,优先级定义与SLA!$A$4:$A$7,_xlfn.TEXTBEFORE(优先级定义与SLA!$B$4:$B$7," "))))} -> #NAME? | H15: 财务厂商价目表整理导入 | I15: 系统里有历史的导入记录，新导入会导致价表重复 | J15: 02-诸暨1厂 | K15: 财务中心 | L15: 劳碧云 | M15: 46274 | N15: 黄顺吉 | O15: 41-处理 | P15: 46274 | Q15: 46276 | S15: 财务所需生效时间往前改，且新增价表处理 | U15: =P15-M15 -> 0 | V15: =Q15-R15 -> 46276 | W15: =R15-M15 -> -46274
A16: =ROW()-1 -> 15 | B16: 02-Incident | C16: 02-U9C | D16: A01-All | E16: 20-中 | F16: 20-中 | G16: {=IF(OR(E16="",F16=""),"",_xlfn.LET(_xlpm.impact,_xlfn.TEXTAFTER(E16,"-"),_xlpm.urgency,_xlfn.TEXTAFTER(F16,"-"),_xlpm.p,INDEX(优先级矩阵!$B$4:$D$6,MATCH(_xlpm.impact,{"高","中","低"},0),MATCH(_xlpm.urgency,{"高","中","低"},0)),LEFT(E16,FIND("-",E16)-1)&"-"&_xlpm.p&"-"&_xlfn.XLOOKUP(_xlpm.p,优先级定义与SLA!$A$4:$A$7,_xlfn.TEXTBEFORE(优先级定义与SLA!$B$4:$B$7," "))))} -> #NAME? | H16: U9账户购置 | I16: 各部门账户所需数量大于许可数量 | J16: 01-集团 | K16: IT管理部 | L16: 黄顺吉 | M16: 46274 | N16: 黄顺吉 | O16: 41-处理 | P16: 46271 | Q16: 46279 | S16: 整理各部门需求与实际情况，提交采购流程 | U16: =P16-M16 -> -3 | V16: =Q16-R16 -> 46279 | W16: =R16-M16 -> -46274
A17: =ROW()-1 -> 16 | B17: 05-Project | C17: 09-Network | D17: A01-All | E17: 30-低 | F17: 30-低 | G17: {=IF(OR(E17="",F17=""),"",_xlfn.LET(_xlpm.impact,_xlfn.TEXTAFTER(E17,"-"),_xlpm.urgency,_xlfn.TEXTAFTER(F17,"-"),_xlpm.p,INDEX(优先级矩阵!$B$4:$D$6,MATCH(_xlpm.impact,{"高","中","低"},0),MATCH(_xlpm.urgency,{"高","中","低"},0)),LEFT(E17,FIND("-",E17)-1)&"-"&_xlpm.p&"-"&_xlfn.XLOOKUP(_xlpm.p,优先级定义与SLA!$A$4:$A$7,_xlfn.TEXTBEFORE(优先级定义与SLA!$B$4:$B$7," "))))} -> #NAME? | H17: 国外站点需要部署VPN服务 | I17: 国外用户需要访问本地资源 | J17: 01-集团 | K17: IT管理部 | L17: 周航帅 | M17: 46274 | N17: 周航帅 | O17: 31-评估 | P17: 46274 | Q17: 46387 | S17: 与电信沟通SD-Wan方案 | U17: =P17-M17 -> 0 | V17: =Q17-R17 -> 46387 | W17: =R17-M17 -> -46274
A18: =ROW()-1 -> 17 | B18: 04-Request | C18: 02-U9C | D18: A01-All | E18: 10-高 | F18: 10-高 | G18: {=IF(OR(E18="",F18=""),"",_xlfn.LET(_xlpm.impact,_xlfn.TEXTAFTER(E18,"-"),_xlpm.urgency,_xlfn.TEXTAFTER(F18,"-"),_xlpm.p,INDEX(优先级矩阵!$B$4:$D$6,MATCH(_xlpm.impact,{"高","中","低"},0),MATCH(_xlpm.urgency,{"高","中","低"},0)),LEFT(E18,FIND("-",E18)-1)&"-"&_xlpm.p&"-"&_xlfn.XLOOKUP(_xlpm.p,优先级定义与SLA!$A$4:$A$7,_xlfn.TEXTBEFORE(优先级定义与SLA!$B$4:$B$7," "))))} -> #NAME? | H18: WMS-U9C集成需求方案评估确定 | I18: 仓库提出出货计划单累计、条码状态更新、创建人明确到人 | J18: 02-诸暨1厂 | K18: 物流中心 | L18: 仓管人员 | M18: 46266 | N18: 郑少青 | O18: 61-关闭 | P18: 46266 | Q18: 46267 | R18: 46267 | U18: =P18-M18 -> 0 | V18: =Q18-R18 -> 0 | W18: =R18-M18 -> 1
A19: =ROW()-1 -> 18 | B19: 04-Request | C19: 02-U9C | D19: A01-All | E19: 10-高 | F19: 10-高 | G19: {=IF(OR(E19="",F19=""),"",_xlfn.LET(_xlpm.impact,_xlfn.TEXTAFTER(E19,"-"),_xlpm.urgency,_xlfn.TEXTAFTER(F19,"-"),_xlpm.p,INDEX(优先级矩阵!$B$4:$D$6,MATCH(_xlpm.impact,{"高","中","低"},0),MATCH(_xlpm.urgency,{"高","中","低"},0)),LEFT(E19,FIND("-",E19)-1)&"-"&_xlpm.p&"-"&_xlfn.XLOOKUP(_xlpm.p,优先级定义与SLA!$A$4:$A$7,_xlfn.TEXTBEFORE(优先级定义与SLA!$B$4:$B$7," "))))} -> #NAME? | H19: WMS-U9C集成需求实施 | I19: 仓库提出出货计划单累计、条码状态更新、创建人明确到人 | J19: 02-诸暨1厂 | K19: 物流中心 | L19: 仓管人员 | M19: 46266 | N19: 郑少青 | O19: 41-处理 | P19: 46266 | Q19: 46280 | U19: =P19-M19 -> 0 | V19: =Q19-R19 -> 46280 | W19: =R19-M19 -> -46266
A20: =ROW()-1 -> 19 | B20: 01-Task | C20: 02-U9C | D20: A01-All | E20: 20-中 | F20: 30-低 | G20: {=IF(OR(E20="",F20=""),"",_xlfn.LET(_xlpm.impact,_xlfn.TEXTAFTER(E20,"-"),_xlpm.urgency,_xlfn.TEXTAFTER(F20,"-"),_xlpm.p,INDEX(优先级矩阵!$B$4:$D$6,MATCH(_xlpm.impact,{"高","中","低"},0),MATCH(_xlpm.urgency,{"高","中","低"},0)),LEFT(E20,FIND("-",E20)-1)&"-"&_xlpm.p&"-"&_xlfn.XLOOKUP(_xlpm.p,优先级定义与SLA!$A$4:$A$7,_xlfn.TEXTBEFORE(优先级定义与SLA!$B$4:$B$7," "))))} -> #NAME? | H20: U9C问题汇总 | I20: 第一阶段参照财务需求清单，继续搜集物流仓库等部门需求 | J20: 02-诸暨1厂 | K20: IT管理部 | L20: 曹云峰 | M20: 46269 | N20: 郑少青 | O20: 41-处理 | P20: 46269 | Q20: 46279 | U20: =P20-M20 -> 0 | V20: =Q20-R20 -> 46279 | W20: =R20-M20 -> -46269
A21: =ROW()-1 -> 20 | B21: 02-Incident | C21: 06-Workplace | D21: A01-All | E21: 20-中 | F21: 20-中 | G21: {=IF(OR(E21="",F21=""),"",_xlfn.LET(_xlpm.impact,_xlfn.TEXTAFTER(E21,"-"),_xlpm.urgency,_xlfn.TEXTAFTER(F21,"-"),_xlpm.p,INDEX(优先级矩阵!$B$4:$D$6,MATCH(_xlpm.impact,{"高","中","低"},0),MATCH(_xlpm.urgency,{"高","中","低"},0)),LEFT(E21,FIND("-",E21)-1)&"-"&_xlpm.p&"-"&_xlfn.XLOOKUP(_xlpm.p,优先级定义与SLA!$A$4:$A$7,_xlfn.TEXTBEFORE(优先级定义与SLA!$B$4:$B$7," "))))} -> #NAME? | H21: 会议室方案支持 | J21: 01-集团 | K21: IT管理部 | L21: 周航帅 | M21: 46267 | N21: 郑少青 | O21: 61-关闭 | P21: 46267 | Q21: 46272 | R21: 46272 | U21: =P21-M21 -> 0 | V21: =Q21-R21 -> 0 | W21: =R21-M21 -> 5
A22: =ROW()-1 -> 21 | B22: 04-Request | C22: 02-U9C | D22: A01-All | E22: 10-高 | F22: 10-高 | G22: {=IF(OR(E22="",F22=""),"",_xlfn.LET(_xlpm.impact,_xlfn.TEXTAFTER(E22,"-"),_xlpm.urgency,_xlfn.TEXTAFTER(F22,"-"),_xlpm.p,INDEX(优先级矩阵!$B$4:$D$6,MATCH(_xlpm.impact,{"高","中","低"},0),MATCH(_xlpm.urgency,{"高","中","低"},0)),LEFT(E22,FIND("-",E22)-1)&"-"&_xlpm.p&"-"&_xlfn.XLOOKUP(_xlpm.p,优先级定义与SLA!$A$4:$A$7,_xlfn.TEXTBEFORE(优先级定义与SLA!$B$4:$B$7," "))))} -> #NAME? | H22: U9C日常运维 | I22: 应付单打印内容调整 | J22: 01-集团 | K22: 采购部 | L22: 翁柳芹 | M22: 46269 | N22: 郑少青 | O22: 61-关闭 | P22: 46269 | Q22: 46270 | R22: 46270 | U22: =P22-M22 -> 0 | V22: =Q22-R22 -> 0 | W22: =R22-M22 -> 1
A23: =ROW()-1 -> 22 | B23: 03-Problem | G23: {=IF(OR(E23="",F23=""),"",_xlfn.LET(_xlpm.impact,_xlfn.TEXTAFTER(E23,"-"),_xlpm.urgency,_xlfn.TEXTAFTER(F23,"-"),_xlpm.p,INDEX(优先级矩阵!$B$4:$D$6,MATCH(_xlpm.impact,{"高","中","低"},0),MATCH(_xlpm.urgency,{"高","中","低"},0)),LEFT(E23,FIND("-",E23)-1)&"-"&_xlpm.p&"-"&_xlfn.XLOOKUP(_xlpm.p,优先级定义与SLA!$A$4:$A$7,_xlfn.TEXTBEFORE(优先级定义与SLA!$B$4:$B$7," "))))} | U23: =P23-M23 -> 0 | V23: =Q23-R23 -> 0 | W23: =R23-M23 -> 0
A24: =ROW()-1 -> 23 | G24: {=IF(OR(E24="",F24=""),"",_xlfn.LET(_xlpm.impact,_xlfn.TEXTAFTER(E24,"-"),_xlpm.urgency,_xlfn.TEXTAFTER(F24,"-"),_xlpm.p,INDEX(优先级矩阵!$B$4:$D$6,MATCH(_xlpm.impact,{"高","中","低"},0),MATCH(_xlpm.urgency,{"高","中","低"},0)),LEFT(E24,FIND("-",E24)-1)&"-"&_xlpm.p&"-"&_xlfn.XLOOKUP(_xlpm.p,优先级定义与SLA!$A$4:$A$7,_xlfn.TEXTBEFORE(优先级定义与SLA!$B$4:$B$7," "))))} | U24: =P24-M24 -> 0 | V24: =Q24-R24 -> 0 | W24: =R24-M24 -> 0

Sheet CAT
A1: No1 | B1: Category | C1: Category_Excel | D1: Comment1 | E1: No2 | F1: App | G1: App_Excel | H1: Comment2 | I1: No3 | J1: Company | K1: Company_Excel | L1: Comment3 | M1: No4 | N1: Customer | O1: Customer_Excel | P1: Comment4 | Q1: No5 | R1: Status | S1: Status_Excel | T1: Comment5 | U1: No6 | V1: 影响度 | W1: Impact_Excel | X1: Comment6 | Y1: No7 | Z1: 紧急性 | AA1: Urgency_Excel | AB1: Comment7 | AC1: No8 | AD1: 小组 | AE1: 姓名 | AF1: Comment7
A2: 01 | B2: Task | C2: =A2&"-"&B2 -> 01-Task | D2: 任务（安装软件、布线、调试终端设备等等） | E2: 01 | F2: MES | G2: =E2&"-"&F2 -> 01-MES | I2: 01 | J2: 集团 | K2: =I2&"-"&J2 -> 01-集团 | L2: 职能中心 | M2: D01 | N2: Lixiang | O2: =M2&"-"&N2 -> D01-Lixiang | P2: 理想 | Q2: 11 | R2: 提出-业务澄清 | S2: =Q2&"-"&R2 -> 11-提出-业务澄清 | U2: 10 | V2: =影响度与紧急度定义!A4 -> 高 | W2: =U2&"-"&V2 -> 10-高 | X2: =影响度与紧急度定义!B4 -> 核心业务系统或服务完全不可用 | Y2: 10 | Z2: =影响度与紧急度定义!A11 -> 高 | AA2: =Y2&"-"&Z2 -> 10-高 | AB2: =影响度与紧急度定义!B11 -> 需要立即处理，延迟会导致严重后果 | AC2: 10 | AD2: Infra | AE2: 徐海东
A3: 02 | B3: Incident | C3: =A3&"-"&B3 -> 02-Incident | D3: 故障（系统问题、应用卡顿等等） | E3: 02 | F3: U9C | G3: =E3&"-"&F3 -> 02-U9C | I3: 02 | J3: 诸暨1厂 | K3: =I3&"-"&J3 -> 02-诸暨1厂 | M3: D02 | N3: Weilai | O3: =M3&"-"&N3 -> D02-Weilai | P3: 蔚来 | Q3: 12 | R3: 提出-客户澄清 | S3: =Q3&"-"&R3 -> 12-提出-客户澄清 | U3: 20 | V3: =影响度与紧急度定义!A5 -> 中 | W3: =U3&"-"&V3 -> 20-中 | X3: =影响度与紧急度定义!B5 -> 重要功能受损但非完全不可用，或核心系统性能严重下降 | Y3: 20 | Z3: =影响度与紧急度定义!A12 -> 中 | AA3: =Y3&"-"&Z3 -> 20-中 | AB3: =影响度与紧急度定义!B12 -> 需要尽快处理，但可容忍一定延迟 | AC3: 10 | AD3: Infra | AE3: 空1
A4: 03 | B4: Problem | C4: =A4&"-"&B4 -> 03-Problem | D4: 问题（疑难杂症，短期无法处理） | E4: 03 | F4: WMS | G4: =E4&"-"&F4 -> 03-WMS | I4: 03 | J4: 诸暨2厂 | K4: =I4&"-"&J4 -> 03-诸暨2厂 | M4: D03 | N4: Xiaopeng | O4: =M4&"-"&N4 -> D03-Xiaopeng | P4: 小鹏 | Q4: 13 | R4: 提出-其他澄清 | S4: =Q4&"-"&R4 -> 13-提出-其他澄清 | U4: 30 | V4: =影响度与紧急度定义!A6 -> 低 | W4: =U4&"-"&V4 -> 30-低 | X4: =影响度与紧急度定义!B6 -> 非核心功能异常，或仅影响个别用户 | Y4: 30 | Z4: =影响度与紧急度定义!A13 -> 低 | AA4: =Y4&"-"&Z4 -> 30-低 | AB4: =影响度与紧急度定义!B13 -> 可按计划处理，延迟影响有限 | AC4: 10 | AD4: Infra | AE4: 周航帅
A5: 04 | B5: Request | C5: =A5&"-"&B5 -> 04-Request | D5: 需求（新增软件功能、新增流程等等） | E5: 04 | F5: PLM | G5: =E5&"-"&F5 -> 04-PLM | I5: 04 | J5: 诸暨3厂 | K5: =I5&"-"&J5 -> 04-诸暨3厂 | M5: D04 | N5: Geely | O5: =M5&"-"&N5 -> D04-Geely | P5: 吉利 | Q5: 14 | R5: 提出-技术澄清 | S5: =Q5&"-"&R5 -> 14-提出-技术澄清 | AC5: 20 | AD5: App | AE5: 陈维炜
A6: 05 | B6: Project | C6: =A6&"-"&B6 -> 05-Project | D6: 项目（需要组建团队解决、或者长期资源解决） | E6: 05 | F6: Security | G6: =E6&"-"&F6 -> 05-Security | I6: 05 | J6: 诸暨金晟 | K6: =I6&"-"&J6 -> 05-诸暨金晟 | M6: D05 | N6: GreatWall | O6: =M6&"-"&N6 -> D05-GreatWall | P6: 长城 | Q6: 21 | R6: 接受 | S6: =Q6&"-"&R6 -> 21-接受 | AC6: 20 | AD6: App | AE6: 陈宇
A7: 06 | E7: 06 | F7: Workplace | G7: =E7&"-"&F7 -> 06-Workplace | I7: 06 | J7: 无锡弹簧 | K7: =I7&"-"&J7 -> 06-无锡弹簧 | M7: D06 | N7: FAW | O7: =M7&"-"&N7 -> D06-FAW | P7: 一汽 | Q7: 31 | R7: 评估 | S7: =Q7&"-"&R7 -> 31-评估 | AC7: 20 | AD7: App | AE7: 翁子淮
A8: 07 | E8: 07 | F8: 研发云 | G8: =E8&"-"&F8 -> 07-研发云 | I8: 07 | J8: 重庆工厂 | K8: =I8&"-"&J8 -> 07-重庆工厂 | M8: I01 | N8: Ford | O8: =M8&"-"&N8 -> I01-Ford | P8: 福特 | Q8: 41 | R8: 处理 | S8: =Q8&"-"&R8 -> 41-处理 | AC8: 20 | AD8: App | AE8: 黄顺吉
A9: 08 | E9: 08 | F9: PDA | G9: =E9&"-"&F9 -> 08-PDA | I9: 08 | J9: 南京工厂 | K9: =I9&"-"&J9 -> 08-南京工厂 | M9: I02 | N9: Stellantis | O9: =M9&"-"&N9 -> I02-Stellantis | P9: 斯特兰蒂斯 | Q9: 51 | R9: 验证 | S9: =Q9&"-"&R9 -> 51-验证 | AC9: 30 | AD9: Digital | AE9: 郑少青
A10: 09 | E10: 09 | F10: Network | G10: =E10&"-"&F10 -> 09-Network | I10: 09 | J10: 河南工厂 | K10: =I10&"-"&J10 -> 09-河南工厂 | M10: I03 | N10: BMW | O10: =M10&"-"&N10 -> I03-BMW | P10: 宝马 | Q10: 61 | R10: 关闭 | S10: =Q10&"-"&R10 -> 61-关闭 | AC10: 30 | AD10: Digital | AE10: 空2
A11: 10 | E11: 10 | I11: 10 | J11: 德国工厂 | K11: =I11&"-"&J11 -> 10-德国工厂 | M11: I04 | N11: VW | O11: =M11&"-"&N11 -> I04-VW | P11: 大众 | Q11: 65 | R11: 关闭-用户撤销 | S11: =Q11&"-"&R11 -> 65-关闭-用户撤销
I12: 11 | J12: 墨西哥工厂 | K12: =I12&"-"&J12 -> 11-墨西哥工厂 | M12: I05 | N12: Volve | O12: =M12&"-"&N12 -> I05-Volve | P12: 沃尔沃 | Q12: 71 | R12: 其他 | S12: =Q12&"-"&R12 -> 71-其他
I13: 12 | J13: 摩洛哥工厂 | K13: =I13&"-"&J13 -> 12-摩洛哥工厂 | M13: A01 | N13: All | O13: =M13&"-"&N13 -> A01-All | P13: 所有
I14: A01 | J14: All | K14: =I14&"-"&J14 -> A01-All | L14: 所有 | M14: A02 | N14: Domestic | O14: =M14&"-"&N14 -> A02-Domestic | P14: 国内所有
I15: A02 | J15: Domestic | K15: =I15&"-"&J15 -> A02-Domestic | L15: 国内所有 | M15: A03 | N15: International | O15: =M15&"-"&N15 -> A03-International | P15: 国际所有
I16: A03 | J16: International | K16: =I16&"-"&J16 -> A03-International | L16: 国际所有
I17: A21 | J17: Zhuji | K17: =I17&"-"&J17 -> A21-Zhuji | L17: 诸暨工厂
I18: A22 | J18: Non-Zhuji | K18: =I18&"-"&J18 -> A22-Non-Zhuji | L18: 国内非诸暨工厂
I19: G21 | J19: HRG | K19: =I19&"-"&J19 -> G21-HRG | L19: 集团HR
I20: G22 | J20: PRG | K20: =I20&"-"&J20 -> G22-PRG | L20: 集团采购
I21: G23 | J21: ITG | K21: =I21&"-"&J21 -> G23-ITG | L21: 集团IT
I22: G24 | J22: FTG | K22: =I22&"-"&J22 -> G24-FTG | L22: 集团财务
I23: G25 | J23: MGG | K23: =I23&"-"&J23 -> G25-MGG | L23: 集团运营
I24: G26 | J24: QMG | K24: =I24&"-"&J24 -> G26-QMG | L24: 集团质量
I25: G27 | J25: LOG | K25: =I25&"-"&J25 -> G27-LOG | L25: 集团物流

Sheet 风险&问题日志
B2: 项目风险/问题日志
B3: 序号 | C3: 类型 (风险/问题) | D3: 系统分类 | E3: 风险/问题描述及分析 | G3: 提出人 | H3: 提出时间 | I3: 处理人 | J3: 处理结果 (未解决/已解决) | K3: 处理时间 | L3: 处理方式/最终结果
B4: 1 | C4: 风险 | D4: MES | E4: 客户服务器配置不够 | G4: 张三 | H4: 43466 | I4: 李四 | J4: 未解决 | K4: 43477 | L4: 客户采购新的服务器，还没到位
B5: 2 | C5: 问题 | D5: U9C | E5: 客户单点登录有特殊要求 | G5: 张三 | H5: 43466 | I5: 李四 | J5: 已解决 | K5: 43477 | L5: 提了二开需求，XX正在处理，预计下周二会会有版本提供，进行测试

Sheet 优先级矩阵
A1: ITIL 事件优先级矩阵（影响度 × 紧急度）
A3: 影响度 \ 紧急度 | B3: 高（High） | C3: 中（Medium） | D3: 低（Low）
A4: 高（High） | B4: P1 | C4: P1 | D4: P2
A5: 中（Medium） | B5: P1 | C5: P2 | D5: P3
A6: 低（Low） | B6: P2 | C6: P3 | D6: P4
A8: 优先级说明
A9: 优先级 | B9: 名称 | C9: 定义 | D9: 典型响应时间 | E9: 典型解决时间
A10: P1 | B10: 紧急（Critical） | C10: 核心业务完全中断，大量用户受影响，无 workaround | D10: 15 分钟内 | E10: 4 小时内
A11: P2 | B11: 高（High） | C11: 重要业务功能受损，较大范围用户受影响，有临时 workaround | D11: 30 分钟内 | E11: 8 小时内
A12: P3 | B12: 中（Medium） | C12: 非核心功能异常，小范围用户受影响，业务可正常运转 | D12: 2 小时内 | E12: 1 个工作日内
A13: P4 | B13: 低（Low） | C13: 轻微问题或咨询，单个用户受影响，不影响业务流程 | D13: 1 个工作日内 | E13: 3 个工作日内

Sheet 影响度与紧急度定义
A1: 影响度（Impact）定义
A3: 等级 | B3: 定义 | C3: 受影响范围 | D3: 业务后果
A4: 高 | B4: 核心业务系统或服务完全不可用 | C4: 全公司 / 全部门 / 大量用户（>50%） | D4: 业务中断，造成重大经济或声誉损失
A5: 中 | B5: 重要功能受损但非完全不可用，或核心系统性能严重下降 | C5: 部分部门 / 较多用户（10%-50%） | D5: 业务效率显著下降，存在可规避的 workaround
A6: 低 | B6: 非核心功能异常，或仅影响个别用户 | C6: 个别部门 / 少量用户（<10%） | D6: 业务基本不受影响，用户体验下降
A8: 紧急度（Urgency）定义
A10: 等级 | B10: 定义 | C10: 时间容忍度 | D10: 典型场景
A11: 高 | B11: 需要立即处理，延迟会导致严重后果 | C11: 几乎无容忍（<1 小时） | D11: 核心系统宕机、交易中断、安全事件
A12: 中 | B12: 需要尽快处理，但可容忍一定延迟 | C12: 可容忍数小时（1-8 小时） | D12: 重要功能异常、批量任务失败、性能下降
A13: 低 | B13: 可按计划处理，延迟影响有限 | C13: 可容忍数天（>8 小时） | D13: 界面小瑕疵、文档咨询、非紧急配置变更
A16: 核心系统
A17: ERP | B17: U9C
A18: Production | B18: MES
A19: Logistics | B19: WMS

Sheet 优先级定义与SLA
A1: 事件优先级详细定义与 SLA 标准
A3: 优先级 | B3: 名称 | C3: 影响度×紧急度组合 | D3: 定义描述 | E3: 响应时间 | F3: 解决时间 | G3: 升级路径 | H3: 通知要求
A4: P1 | B4: 紧急 Critical | C4: 高×高、高×中、中×高 | D4: 核心业务完全中断，大量用户无法使用关键服务，无可用 workaround，可能造成重大经济损失或合规风险 | E4: ≤15 分钟 | F4: ≤4 小时 | G4: 立即通知 IT 经理 / 服务经理；30 分钟未解决升级至 IT 总监；2 小时未解决升级至 CIO | H4: 每 30 分钟向利益相关方发送进展通报；解决后 24 小时内提交 RCA 报告
A5: P2 | B5: 高 High | C5: 高×低、中×中、低×高 | D5: 重要业务功能严重受损，较大范围用户受影响，存在临时 workaround 但效率低下 | E5: ≤30 分钟 | F5: ≤8 小时（或下一工作日） | G5: 1 小时未解决升级至 IT 经理；4 小时未解决升级至 IT 总监 | H5: 每 1 小时发送进展通报；解决后 48 小时内提交 RCA 报告
A6: P3 | B6: 中 Medium | C6: 中×低、低×中 | D6: 非核心功能异常，小范围用户受影响，核心业务可正常运转，有明确 workaround | E6: ≤2 小时 | F6: ≤1 个工作日 | G6: 1 个工作日未解决升级至 IT 经理 | H6: 每日更新工单状态；解决后无需 RCA（除非重复发生）
A7: P4 | B7: 低 Low | C7: 低×低 | D7: 轻微问题、咨询请求或 cosmetic 缺陷，单个用户受影响，不影响业务流程 | E7: ≤1 个工作日 | F7: ≤3 个工作日 | G7: 3 个工作日未解决升级至 IT 经理 | H7: 按常规工单流程处理；可批量纳入变更窗口解决

Sheet 典型案例
A1: 各优先级典型事件案例
A3: 优先级 | B3: 事件描述 | C3: 影响度 | D3: 紧急度 | E3: 受影响范围 | F3: 处理要点
A4: P1 | B4: 核心 ERP 系统数据库宕机，全公司无法下单和发货 | C4: 高 | D4: 高 | E4: 全公司所有业务部门 | F4: 立即启动应急响应；切换至备用系统；DBA 现场排查；每 30 分钟通报；事后 RCA
A5: P1 | B5: 公司官网遭 DDoS 攻击，外部客户完全无法访问 | C5: 高 | D5: 高 | E5: 所有外部客户 + 品牌声誉 | F5: 安全团队介入；启用流量清洗；通知 ISP；法务/公关同步；保留取证日志
A6: P1 | B6: 邮件服务器全局故障，全员无法收发邮件 | C6: 高 | D6: 中 | E6: 全公司员工 | F6: 切换备用邮件网关；排查 Exchange/服务器；临时启用 Webmail；批量通知
A7: P1 | B7: 生产车间 MES 系统崩溃，生产线全部停摆 | C7: 高 | D7: 高 | E7: 全部生产线 + 生产计划 | F7: IT 与生产联合应急；手动记录生产数据；优先恢复关键产线；评估产能损失
A8: P2 | B8: OA 审批流程引擎异常，审批单无法流转 | C8: 中 | D8: 高 | E8: 全公司审批流程 | F8: 临时改为邮件审批；排查工作流引擎；恢复后补录审批记录；通知各部门
A9: P2 | B9: VPN 网关故障，远程办公员工无法接入内网 | C9: 中 | D9: 高 | E9: 所有远程办公员工 | F9: 启用备用 VPN 节点；排查网关设备；发布临时接入指引；监控连接数恢复
A10: P2 | B10: 财务系统月结模块报错，无法完成月度结账 | C10: 高 | D10: 中 | E10: 财务部 + 月结时间表 | F10: 财务先手工汇总；IT 排查模块日志；协调厂商支持；确保不影响报税截止日
A11: P2 | B11: CRM 系统查询性能严重下降，销售团队效率受影响 | C11: 中 | D11: 中 | E11: 销售团队（约 30% 用户） | F11: 排查数据库慢查询；临时增加缓存；优化索引；性能恢复后做容量评估
A12: P3 | B12: 会议室预订系统部分时段显示异常 | C12: 低 | D12: 中 | E12: 使用该系统的员工 | F12: 排查日历同步接口；临时改为前台人工预订；下个版本修复；通知行政部
A13: P3 | B13: 某部门打印机驱动不兼容，无法打印彩色 | C13: 低 | D13: 中 | E13: 该部门员工 | F13: 远程协助更新驱动；如无法解决安排现场支持；记录设备型号做批量更新
A14: P3 | B14: HR 系统员工自助查询页面个别字段显示错误 | C14: 低 | D14: 低 | E14: 使用自助查询的员工 | F14: 确认是前端展示问题不影响数据；排期修复；告知用户数据以 HR 后台为准
... A19: P4 | B19: 共享盘某文件夹权限需要调整（新增访问人员） | C19: 低 | D19: 低 | E19: 需要访问的个别员工 | F19: 核实审批流程后调整权限；记录权限变更日志；通知申请人测试访问
